comm_size,qubits,system_size,depth,time
24,16,65536,1,30.80159068107605
24,16,65536,2,91.39207458496094
24,16,65536,3,173.57706952095032
24,16,65536,4,299.290452003479
24,16,65536,5,426.5970513820648
24,16,65536,6,694.9886558055878
24,16,65536,7,956.1571946144104
24,16,65536,8,1250.2529859542847
24,16,65536,9,1512.0768022537231
24,16,65536,10,1822.8094148635864
24,16,65536,11,2141.7422602176666
24,16,65536,12,2529.137398004532
24,16,65536,13,2908.279241323471
24,16,65536,14,3250.8299567699432
