label,system_size,ansatz_depth,repeat,state_norm,simulation_time,MPI_nodes,fun,nfev,success
qwoa parallel jacobian,262144,1,1,1.0000000000618883,0.9054698944091797,24,0.22957639662654064,59,False
qwoa parallel jacobian,262144,2,1,1.0000000000824736,203.6391887664795,24,0.14023818924749024,89,False
qwoa parallel jacobian,262144,3,1,1.0000000000832143,354.63390040397644,24,0.09856114672988125,93,False
