comm_size,qubits,system_size,depth,time
24,18,262144,1,522.0156795978546
24,18,262144,2,1562.4498753547668
24,18,262144,3,2956.18811750412
