label,system_size,ansatz_depth,repeat,state_norm,simulation_time,MPI_nodes,fun,nfev,success
qwoa parallel jacobian,262144,1,1,1.0000000000624523,0.8661909103393555,48,0.22957639664891957,85,False
qwoa parallel jacobian,262144,2,1,1.000000000081374,2.398268699645996,48,0.14023897691463055,73,False
qwoa parallel jacobian,262144,3,1,1.000000000083169,5.6185829639434814,48,0.09856116481029627,94,False
qwoa parallel jacobian,262144,4,1,1.0000000000781872,14.180460453033447,48,0.07504731167715634,113,False
qwoa parallel jacobian,262144,5,1,1.0000000000938503,230.63310861587524,48,0.06017096386514761,149,False
