comm_size,qubits,system_size,depth,time
48,18,262144,1,179.61423110961914
48,18,262144,2,529.7360215187073
48,18,262144,3,1054.6129999160767
48,18,262144,4,1764.5243599414825
48,18,262144,5,2829.625442504883
