comm_size,qubits,system_size,depth,time
48,18,262144,1,179.61423110961914
48,18,262144,2,529.7360215187073
48,18,262144,3,1054.6129999160767
48,18,262144,4,1764.5243599414825
48,18,262144,5,2829.625442504883
2,4,16,1,0.3844614028930664
2,4,16,2,0.47716283798217773
2,4,16,3,0.6299054622650146
2,4,16,4,0.9147243499755859
2,4,16,5,1.50234055519104
2,4,16,6,2.0991525650024414
2,4,16,7,2.788609743118286
2,4,16,8,6.916327714920044
