,comm_size,qubits,system_size,depth,time
16,192,18,262144,1,180.4268152713776
19,192,18,262144,2,360.26482009887695
21,192,18,262144,3,541.0572507381438
23,192,18,262144,4,724.0783605575563
26,192,18,262144,5,909.7778918743134
27,192,18,262144,6,1097.681746006012
30,192,18,262144,7,1290.9420211315155
33,192,18,262144,8,1671.3398399353027
36,192,18,262144,9,2061.7112786769867
38,192,18,262144,10,2454.26789522171
41,192,18,262144,11,2859.868263959885
43,192,18,262144,12,3471.822131872177
